insert into Pessoa values("098.035.454-42", "9.624.347", "Henrique Cordeiro", "2004-05-28", "M", null, "81 9 87594540", null, "Recife", "Boa Viagem", "Francisco da Cunha", "142"),
									   ("123.456.789-10", "1.123.123", "João da Silva", "1997-08-11", "M", null, "81 9 12344321", null, "Recife", "Recife Antigo", "Cais do Apolo", "55"),
									   ("098.765.432-21", "0.987.654", "Maria das Dores", "1900-12-21", "F", "81 34332323", "81 9 99019-1221", null, "Jaboatão dos Guararapes", "Piedade", "Vinicius de Moraes", "22"),
									   ("019.192.124-22", "1.123.294", "Luiza Omena", "2004-03-05", "F", null, "81 996821711", null, "Recife", "Poço da Panela", "Antonio Vitruvio", "49"),
									   ("432.894.329-18", "2.483.384", "Gabi Canalle", "1997-09-22", "F", null, "81 9 81920938", null, "Glória do Goitá", "Fimdomundópolis", "Todos os Santos", "22"),
									   ("122.123.144-24", "1.120.099", "Marcos Paulo", "2003-12-20", "M", null, "81 982938982", null, "Recife", "Boa Viagem", "Conselheiro Aguiar", "155"),
									   ("981.192.293-20", "0.928.293", "André Luiz", "2002-05-13", "M", null, "81 9 82938293", null, "Natal", "Ouriculo", "Sabatina", "12")
									  ("928.039.938-12", "0.292.283", "Lucia Cordeiro", "1971-10-03", "F", null, "81 9 88383838", null, "Recife", "Boa Viagem", "Francisco da Cunha", "142");
									   
insert into Email values ("henrique@gmail.com", "098.035.454-42"),
									 ("joao@gmail.com", "123.456.789-10"),
									 ("maria@gmail.com", "098.765.432-21"),
									 ("luiza@gmail.com", "019.192.124-22"),
									 ("gabi@gmail.com", "432.894.329-18"),
									 ("marcos@gmail.com", "122.123.144-24"),
									 ("andre@gmail.com", "981.192.293-20")
									("lucia@gmail.com", "928.039.938-12");
									  
insert into Paciente values("Poeira, Desodorante, Abelha", null, "Dra. Lúcia Cordeiro", "SAFRA", "Estagiária de Desenvolvimento", "019.192.124-22"),
										 (null, "Sandra Mattos", "Dra. Lúcia Cordeiro", "Sulamerica", "Estagiário de Desenvolvimento", "098.035.454-42"),
										 ("Django", null, null, "Sulamerica", "Professora Universitária", "432.894.329-18"),
										 ("Beleza", "Amanda Louise", "Henrique Cordeiro", "SAFRA", "Estagiário de Desenvolvolvimento", "981.192.293-20");
										 
insert into Medico values("123.456.789-10", "12312","Endocrinologista", "12321321"),
									  ("098.765.432-21", "98042", "Oftalmologista", "10990129"),
									  ("122.123.144-24", "19129","Alterofilista", "12891")
									  ("928.039.938-12", "192123", "Endocrinologista", "98122109");